objectid,attachment2,attachment3,attachment4
11,13,,
12,15,,
13,17,18,19
14,21,22,23
15,25,26,
16,28,29,30
17,32,33,34
18,36,37,38
22,45,46,47
23,49,50,51
24,53,54,55
25,57,58,59
26,61,62,63
27,65,66,67
28,69,70,71
29,73,74,
30,76,77,78
31,80,81,82
32,84,85,86
33,88,89,90
34,92,93,94
35,96,97,98
36,100,101,102
37,104,105,106
38,108,109,110
39,112,113,114
40,116,117,118
41,120,121,
42,123,124,
43,126,127,128
44,130,131,132
45,134,,
46,136,137,138
47,140,141,142
48,144,145,146
49,148,149,150
50,152,153,154
51,156,157,158
52,160,161,162
53,164,165,166
54,168,169,170
55,172,173,174
56,176,177,178
57,180,181,182
58,184,185,186
59,188,189,190
60,192,193,194
61,196,197,198
62,200,201,202
63,204,205,206
64,208,209,210
65,212,213,214
66,216,217,218
67,220,221,222
68,224,225,226
69,228,229,230
70,232,233,234
71,236,237,238
72,240,241,242
74,244,245,246
75,248,249,250
76,252,253,254
77,256,257,258
78,260,261,262
79,264,265,266
80,268,269,270
81,272,273,274
82,276,277,278
83,280,281,282
84,284,285,286
85,288,289,290
86,292,293,294
87,296,297,298
88,300,301,302
89,304,305,306
90,308,309,310
91,312,313,314
92,316,317,318
93,320,321,322
94,324,325,326
95,328,329,330
96,332,333,334
97,336,337,338
98,340,341,342
99,344,345,346
100,348,349,350
101,352,353,354
102,356,357,
103,359,360,
104,362,363,
105,365,366,367
106,369,370,371
107,373,374,375
108,377,378,379
109,381,382,383
110,385,386,387
111,389,390,391
112,393,394,395
113,397,398,399
114,401,402,403
115,405,406,407
