objectid,attachmentid
11,12
11,13
12,14
12,15
13,16
13,17
13,18
13,19
14,20
14,21
14,22
14,23
15,24
15,25
15,26
16,27
16,28
16,29
16,30
17,31
17,32
17,33
17,34
18,35
18,36
18,37
18,38
22,44
22,45
22,46
22,47
23,48
23,49
23,50
23,51
24,52
24,53
24,54
24,55
25,56
25,57
25,58
25,59
26,60
26,61
26,62
26,63
27,64
27,65
27,66
27,67
28,68
28,69
28,70
28,71
29,72
29,73
29,74
30,75
30,76
30,77
30,78
31,79
31,80
31,81
31,82
32,83
32,84
32,85
32,86
33,87
33,88
33,89
33,90
34,91
34,92
34,93
34,94
35,95
35,96
35,97
35,98
36,99
36,100
36,101
36,102
37,103
37,104
37,105
37,106
38,107
38,108
38,109
38,110
39,111
39,112
39,113
39,114
40,115
40,116
40,117
40,118
41,119
41,120
41,121
42,122
42,123
42,124
43,125
43,126
43,127
43,128
44,129
44,130
44,131
44,132
45,133
45,134
46,135
46,136
46,137
46,138
47,139
47,140
47,141
47,142
48,143
48,144
48,145
48,146
49,147
49,148
49,149
49,150
50,151
50,152
50,153
50,154
51,155
51,156
51,157
51,158
52,159
52,160
52,161
52,162
53,163
53,164
53,165
53,166
54,167
54,168
54,169
54,170
55,171
55,172
55,173
55,174
56,175
56,176
56,177
56,178
57,179
57,180
57,181
57,182
58,183
58,184
58,185
58,186
59,187
59,188
59,189
59,190
60,191
60,192
60,193
60,194
61,195
61,196
61,197
61,198
62,199
62,200
62,201
62,202
63,203
63,204
63,205
63,206
64,207
64,208
64,209
64,210
65,211
65,212
65,213
65,214
66,215
66,216
66,217
66,218
67,219
67,220
67,221
67,222
68,223
68,224
68,225
68,226
69,227
69,228
69,229
69,230
70,231
70,232
70,233
70,234
71,235
71,236
71,237
71,238
72,239
72,240
72,241
72,242
74,243
74,244
74,245
74,246
75,247
75,248
75,249
75,250
76,251
76,252
76,253
76,254
77,255
77,256
77,257
77,258
78,259
78,260
78,261
78,262
79,263
79,264
79,265
79,266
80,267
80,268
80,269
80,270
81,271
81,272
81,273
81,274
82,275
82,276
82,277
82,278
83,279
83,280
83,281
83,282
84,283
84,284
84,285
84,286
85,287
85,288
85,289
85,290
86,291
86,292
86,293
86,294
87,295
87,296
87,297
87,298
88,299
88,300
88,301
88,302
89,303
89,304
89,305
89,306
90,307
90,308
90,309
90,310
91,311
91,312
91,313
91,314
92,315
92,316
92,317
92,318
93,319
93,320
93,321
93,322
94,323
94,324
94,325
94,326
95,327
95,328
95,329
95,330
96,331
96,332
96,333
96,334
97,335
97,336
97,337
97,338
98,339
98,340
98,341
98,342
99,343
99,344
99,345
99,346
100,347
100,348
100,349
100,350
101,351
101,352
101,353
101,354
102,355
102,356
102,357
103,358
103,359
103,360
104,361
104,362
104,363
105,364
105,365
105,366
105,367
106,368
106,369
106,370
106,371
107,372
107,373
107,374
107,375
108,376
108,377
108,378
108,379
109,380
109,381
109,382
109,383
110,384
110,385
110,386
110,387
111,388
111,389
111,390
111,391
112,392
112,393
112,394
112,395
113,396
113,397
113,398
113,399
114,400
114,401
114,402
114,403
115,404
115,405
115,406
115,407
